{
  "best_alpha": 0.1,
  "best_beta": 5.0,
  "workloads": [
    14.239882446559083,
    14.3207882036951,
    14.252282381661614,
    14.325796434054123,
    14.40134069592926,
    14.211497434922471,
    14.248412403178357
  ]
}