{
  "best_alpha": 0.1,
  "best_beta": 5.0,
  "workloads": [
    20.086676980792326,
    19.88164171140078,
    20.06150323626852,
    19.958525116846317,
    20.011652954692067
  ]
}