{
  "best_alpha": 0.1,
  "best_beta": 5.0,
  "workloads": [
    20.165405137650712,
    19.85053496384803,
    20.13695065977699,
    19.972684916542942,
    19.874424322181326
  ]
}